onset	duration	trial_type	value	sample	attend	chapter
141.2498	64.0	Stimulus/S  1	1	1412498	Female	0
141.2499	64.0	Stimulus/S  4	4	1412499	Female	0
141.25	64.0	Stimulus/S  4	4	1412500	Female	0
141.2501	64.0	Stimulus/S  4	4	1412501	Female	0
141.2502	64.0	Stimulus/S  4	4	1412502	Female	0
141.2503	64.0	Stimulus/S  4	4	1412503	Female	0
141.2504	64.0	Stimulus/S  4	4	1412504	Female	0
141.2505	64.0	Stimulus/S  4	4	1412505	Female	0
205.2314	64.0	Stimulus/S  2	2	2052314	Female	0
222.8945	64.0	Stimulus/S  1	1	2228945	Female	1
222.8946	64.0	Stimulus/S  4	4	2228946	Female	1
222.8947	64.0	Stimulus/S  4	4	2228947	Female	1
222.8948	64.0	Stimulus/S  4	4	2228948	Female	1
222.8949	64.0	Stimulus/S  4	4	2228949	Female	1
222.895	64.0	Stimulus/S  4	4	2228950	Female	1
222.8951	64.0	Stimulus/S  4	4	2228951	Female	1
222.8952	64.0	Stimulus/S  8	8	2228952	Female	1
286.8761	64.0	Stimulus/S  2	2	2868761	Female	1
303.0458	64.0	Stimulus/S  1	1	3030458	Male	0
303.0459	64.0	Stimulus/S  8	8	3030459	Male	0
303.046	64.0	Stimulus/S  4	4	3030460	Male	0
303.0461	64.0	Stimulus/S  4	4	3030461	Male	0
303.0462	64.0	Stimulus/S  4	4	3030462	Male	0
303.0463	64.0	Stimulus/S  4	4	3030463	Male	0
303.0464	64.0	Stimulus/S  4	4	3030464	Male	0
303.0465	64.0	Stimulus/S  4	4	3030465	Male	0
367.0275	64.0	Stimulus/S  2	2	3670275	Male	0
392.6481	64.0	Stimulus/S  1	1	3926481	Male	1
392.6482	64.0	Stimulus/S  8	8	3926482	Male	1
392.6483	64.0	Stimulus/S  4	4	3926483	Male	1
392.6484	64.0	Stimulus/S  4	4	3926484	Male	1
392.6485	64.0	Stimulus/S  4	4	3926485	Male	1
392.6486	64.0	Stimulus/S  4	4	3926486	Male	1
392.6487	64.0	Stimulus/S  4	4	3926487	Male	1
392.6488	64.0	Stimulus/S  8	8	3926488	Male	1
456.6297	64.0	Stimulus/S  2	2	4566297	Male	1
482.549	64.0	Stimulus/S  1	1	4825490	Male	2
482.5491	64.0	Stimulus/S  8	8	4825491	Male	2
482.5492	64.0	Stimulus/S  4	4	4825492	Male	2
482.5493	64.0	Stimulus/S  4	4	4825493	Male	2
482.5494	64.0	Stimulus/S  4	4	4825494	Male	2
482.5495	64.0	Stimulus/S  4	4	4825495	Male	2
482.5496	64.0	Stimulus/S  8	8	4825496	Male	2
482.5497	64.0	Stimulus/S  4	4	4825497	Male	2
546.5306	64.0	Stimulus/S  2	2	5465306	Male	2
564.2364	64.0	Stimulus/S  1	1	5642364	Male	3
564.2365	64.0	Stimulus/S  8	8	5642365	Male	3
564.2366	64.0	Stimulus/S  4	4	5642366	Male	3
564.2367	64.0	Stimulus/S  4	4	5642367	Male	3
564.2368	64.0	Stimulus/S  4	4	5642368	Male	3
564.2369	64.0	Stimulus/S  4	4	5642369	Male	3
564.237	64.0	Stimulus/S  8	8	5642370	Male	3
564.2371	64.0	Stimulus/S  8	8	5642371	Male	3
628.218	64.0	Stimulus/S  2	2	6282180	Male	3
643.1291	64.0	Stimulus/S  1	1	6431291	Female	2
643.1292	64.0	Stimulus/S  4	4	6431292	Female	2
643.1293	64.0	Stimulus/S  4	4	6431293	Female	2
643.1294	64.0	Stimulus/S  4	4	6431294	Female	2
643.1295	64.0	Stimulus/S  4	4	6431295	Female	2
643.1296	64.0	Stimulus/S  4	4	6431296	Female	2
643.1297	64.0	Stimulus/S  8	8	6431297	Female	2
643.1298	64.0	Stimulus/S  4	4	6431298	Female	2
707.1107	64.0	Stimulus/S  2	2	7071107	Female	2
724.4324	64.0	Stimulus/S  1	1	7244324	Female	3
724.4325	64.0	Stimulus/S  4	4	7244325	Female	3
724.4326	64.0	Stimulus/S  4	4	7244326	Female	3
724.4327	64.0	Stimulus/S  4	4	7244327	Female	3
724.4328	64.0	Stimulus/S  4	4	7244328	Female	3
724.4329	64.0	Stimulus/S  4	4	7244329	Female	3
724.433	64.0	Stimulus/S  8	8	7244330	Female	3
724.4331	64.0	Stimulus/S  8	8	7244331	Female	3
788.414	64.0	Stimulus/S  2	2	7884140	Female	3
811.752	64.0	Stimulus/S  1	1	8117520	Female	4
811.7521	64.0	Stimulus/S  4	4	8117521	Female	4
811.7522	64.0	Stimulus/S  4	4	8117522	Female	4
811.7523	64.0	Stimulus/S  4	4	8117523	Female	4
811.7524	64.0	Stimulus/S  4	4	8117524	Female	4
811.7525	64.0	Stimulus/S  8	8	8117525	Female	4
811.7526	64.0	Stimulus/S  4	4	8117526	Female	4
811.7527	64.0	Stimulus/S  4	4	8117527	Female	4
875.7336	64.0	Stimulus/S  2	2	8757336	Female	4
891.3486	64.0	Stimulus/S  1	1	8913486	Female	5
891.3487	64.0	Stimulus/S  4	4	8913487	Female	5
891.3488	64.0	Stimulus/S  4	4	8913488	Female	5
891.3489	64.0	Stimulus/S  4	4	8913489	Female	5
891.349	64.0	Stimulus/S  4	4	8913490	Female	5
891.3491	64.0	Stimulus/S  8	8	8913491	Female	5
891.3492	64.0	Stimulus/S  4	4	8913492	Female	5
891.3493	64.0	Stimulus/S  8	8	8913493	Female	5
955.3302	64.0	Stimulus/S  2	2	9553302	Female	5
980.1402	64.0	Stimulus/S  1	1	9801402	Male	4
980.1403	64.0	Stimulus/S  8	8	9801403	Male	4
980.1404	64.0	Stimulus/S  4	4	9801404	Male	4
980.1405	64.0	Stimulus/S  4	4	9801405	Male	4
980.1406	64.0	Stimulus/S  4	4	9801406	Male	4
980.1407	64.0	Stimulus/S  8	8	9801407	Male	4
980.1408	64.0	Stimulus/S  4	4	9801408	Male	4
980.1409	64.0	Stimulus/S  4	4	9801409	Male	4
1044.1218	64.0	Stimulus/S  2	2	10441218	Male	4
1065.8596	64.0	Stimulus/S  1	1	10658596	Male	5
1065.8597	64.0	Stimulus/S  8	8	10658597	Male	5
1065.8598	64.0	Stimulus/S  4	4	10658598	Male	5
1065.8599	64.0	Stimulus/S  4	4	10658599	Male	5
1065.86	64.0	Stimulus/S  4	4	10658600	Male	5
1065.8601	64.0	Stimulus/S  8	8	10658601	Male	5
1065.8602	64.0	Stimulus/S  4	4	10658602	Male	5
1065.8603	64.0	Stimulus/S  8	8	10658603	Male	5
1129.8412	64.0	Stimulus/S  2	2	11298412	Male	5
1164.7421	64.0	Stimulus/S  1	1	11647421	Male	6
1164.7422	64.0	Stimulus/S  8	8	11647422	Male	6
1164.7423	64.0	Stimulus/S  4	4	11647423	Male	6
1164.7424	64.0	Stimulus/S  4	4	11647424	Male	6
1164.7425	64.0	Stimulus/S  4	4	11647425	Male	6
1164.7426	64.0	Stimulus/S  8	8	11647426	Male	6
1164.7427	64.0	Stimulus/S  8	8	11647427	Male	6
1164.7428	64.0	Stimulus/S  4	4	11647428	Male	6
1228.7238	64.0	Stimulus/S  2	2	12287238	Male	6
1248.4562	64.0	Stimulus/S  1	1	12484562	Male	7
1248.4563	64.0	Stimulus/S  8	8	12484563	Male	7
1248.4564	64.0	Stimulus/S  4	4	12484564	Male	7
1248.4565	64.0	Stimulus/S  4	4	12484565	Male	7
1248.4566	64.0	Stimulus/S  4	4	12484566	Male	7
1248.4567	64.0	Stimulus/S  8	8	12484567	Male	7
1248.4568	64.0	Stimulus/S  8	8	12484568	Male	7
1248.4569	64.0	Stimulus/S  8	8	12484569	Male	7
1312.4377	64.0	Stimulus/S  2	2	13124377	Male	7
1333.7704	64.0	Stimulus/S  1	1	13337704	Female	6
1333.7705	64.0	Stimulus/S  4	4	13337705	Female	6
1333.7706	64.0	Stimulus/S  4	4	13337706	Female	6
1333.7707	64.0	Stimulus/S  4	4	13337707	Female	6
1333.7708	64.0	Stimulus/S  4	4	13337708	Female	6
1333.7709	64.0	Stimulus/S  8	8	13337709	Female	6
1333.771	64.0	Stimulus/S  8	8	13337710	Female	6
1333.7711	64.0	Stimulus/S  4	4	13337711	Female	6
1397.752	64.0	Stimulus/S  2	2	13977520	Female	6
1417.6764	64.0	Stimulus/S  1	1	14176764	Female	7
1417.6765	64.0	Stimulus/S  4	4	14176765	Female	7
1417.6766	64.0	Stimulus/S  4	4	14176766	Female	7
1417.6767	64.0	Stimulus/S  4	4	14176767	Female	7
1417.6768	64.0	Stimulus/S  4	4	14176768	Female	7
1417.6769	64.0	Stimulus/S  8	8	14176769	Female	7
1417.677	64.0	Stimulus/S  8	8	14176770	Female	7
1417.6771	64.0	Stimulus/S  8	8	14176771	Female	7
1481.658	64.0	Stimulus/S  2	2	14816580	Female	7
1519.2897	64.0	Stimulus/S  1	1	15192897	Female	8
1519.2898	64.0	Stimulus/S  4	4	15192898	Female	8
1519.2899	64.0	Stimulus/S  4	4	15192899	Female	8
1519.29	64.0	Stimulus/S  4	4	15192900	Female	8
1519.2901	64.0	Stimulus/S  8	8	15192901	Female	8
1519.2902	64.0	Stimulus/S  4	4	15192902	Female	8
1519.2903	64.0	Stimulus/S  4	4	15192903	Female	8
1519.2904	64.0	Stimulus/S  4	4	15192904	Female	8
1583.2712	64.0	Stimulus/S  2	2	15832712	Female	8
1601.6597	64.0	Stimulus/S  1	1	16016597	Female	9
1601.6598	64.0	Stimulus/S  4	4	16016598	Female	9
1601.6599	64.0	Stimulus/S  4	4	16016599	Female	9
1601.66	64.0	Stimulus/S  4	4	16016600	Female	9
1601.6601	64.0	Stimulus/S  8	8	16016601	Female	9
1601.6602	64.0	Stimulus/S  4	4	16016602	Female	9
1601.6603	64.0	Stimulus/S  4	4	16016603	Female	9
1601.6604	64.0	Stimulus/S  8	8	16016604	Female	9
1665.6414	64.0	Stimulus/S  2	2	16656414	Female	9
1682.5577	64.0	Stimulus/S  1	1	16825577	Male	8
1682.5578	64.0	Stimulus/S  8	8	16825578	Male	8
1682.5579	64.0	Stimulus/S  4	4	16825579	Male	8
1682.558	64.0	Stimulus/S  4	4	16825580	Male	8
1682.5581	64.0	Stimulus/S  8	8	16825581	Male	8
1682.5582	64.0	Stimulus/S  4	4	16825582	Male	8
1682.5583	64.0	Stimulus/S  4	4	16825583	Male	8
1682.5584	64.0	Stimulus/S  4	4	16825584	Male	8
1746.5394	64.0	Stimulus/S  2	2	17465394	Male	8
1768.7679	64.0	Stimulus/S  1	1	17687679	Male	9
1768.768	64.0	Stimulus/S  8	8	17687680	Male	9
1768.7681	64.0	Stimulus/S  4	4	17687681	Male	9
1768.7682	64.0	Stimulus/S  4	4	17687682	Male	9
1768.7683	64.0	Stimulus/S  8	8	17687683	Male	9
1768.7684	64.0	Stimulus/S  4	4	17687684	Male	9
1768.7685	64.0	Stimulus/S  4	4	17687685	Male	9
1768.7686	64.0	Stimulus/S  8	8	17687686	Male	9
1832.7495	64.0	Stimulus/S  2	2	18327495	Male	9
1863.2556	64.0	Stimulus/S  1	1	18632556	Male	10
1863.2557	64.0	Stimulus/S  8	8	18632557	Male	10
1863.2558	64.0	Stimulus/S  4	4	18632558	Male	10
1863.2559	64.0	Stimulus/S  4	4	18632559	Male	10
1863.256	64.0	Stimulus/S  8	8	18632560	Male	10
1863.2561	64.0	Stimulus/S  4	4	18632561	Male	10
1863.2562	64.0	Stimulus/S  8	8	18632562	Male	10
1863.2563	64.0	Stimulus/S  4	4	18632563	Male	10
1927.2372	64.0	Stimulus/S  2	2	19272372	Male	10
1954.9698	64.0	Stimulus/S  1	1	19549698	Male	11
1954.9699	64.0	Stimulus/S  8	8	19549699	Male	11
1954.97	64.0	Stimulus/S  4	4	19549700	Male	11
1954.9701	64.0	Stimulus/S  4	4	19549701	Male	11
1954.9702	64.0	Stimulus/S  8	8	19549702	Male	11
1954.9703	64.0	Stimulus/S  4	4	19549703	Male	11
1954.9704	64.0	Stimulus/S  8	8	19549704	Male	11
1954.9705	64.0	Stimulus/S  8	8	19549705	Male	11
2018.9515	64.0	Stimulus/S  2	2	20189515	Male	11
2058.8018	64.0	Stimulus/S  1	1	20588018	Female	10
2058.8019	64.0	Stimulus/S  4	4	20588019	Female	10
2058.802	64.0	Stimulus/S  4	4	20588020	Female	10
2058.8021	64.0	Stimulus/S  4	4	20588021	Female	10
2058.8022	64.0	Stimulus/S  8	8	20588022	Female	10
2058.8023	64.0	Stimulus/S  4	4	20588023	Female	10
2058.8024	64.0	Stimulus/S  8	8	20588024	Female	10
2058.8025	64.0	Stimulus/S  4	4	20588025	Female	10
2122.7834	64.0	Stimulus/S  2	2	21227834	Female	10
2144.6707	64.0	Stimulus/S  1	1	21446707	Female	11
2144.6708	64.0	Stimulus/S  4	4	21446708	Female	11
2144.6709	64.0	Stimulus/S  4	4	21446709	Female	11
2144.671	64.0	Stimulus/S  4	4	21446710	Female	11
2144.6711	64.0	Stimulus/S  8	8	21446711	Female	11
2144.6712	64.0	Stimulus/S  4	4	21446712	Female	11
2144.6713	64.0	Stimulus/S  8	8	21446713	Female	11
2144.6714	64.0	Stimulus/S  8	8	21446714	Female	11
2208.6521	64.0	Stimulus/S  2	2	22086521	Female	11
2231.4141	64.0	Stimulus/S  1	1	22314141	Female	12
2231.4142	64.0	Stimulus/S  4	4	22314142	Female	12
2231.4143	64.0	Stimulus/S  4	4	22314143	Female	12
2231.4144	64.0	Stimulus/S  4	4	22314144	Female	12
2231.4145	64.0	Stimulus/S  8	8	22314145	Female	12
2231.4146	64.0	Stimulus/S  8	8	22314146	Female	12
2231.4147	64.0	Stimulus/S  4	4	22314147	Female	12
2231.4148	64.0	Stimulus/S  4	4	22314148	Female	12
2295.3958	64.0	Stimulus/S  2	2	22953958	Female	12
2313.0801	64.0	Stimulus/S  1	1	23130801	Female	13
2313.0802	64.0	Stimulus/S  4	4	23130802	Female	13
2313.0803	64.0	Stimulus/S  4	4	23130803	Female	13
2313.0804	64.0	Stimulus/S  4	4	23130804	Female	13
2313.0805	64.0	Stimulus/S  8	8	23130805	Female	13
2313.0806	64.0	Stimulus/S  8	8	23130806	Female	13
2313.0807	64.0	Stimulus/S  4	4	23130807	Female	13
2313.0808	64.0	Stimulus/S  8	8	23130808	Female	13
2377.0618	64.0	Stimulus/S  2	2	23770618	Female	13
2396.6663	64.0	Stimulus/S  1	1	23966663	Male	12
2396.6664	64.0	Stimulus/S  8	8	23966664	Male	12
2396.6665	64.0	Stimulus/S  4	4	23966665	Male	12
2396.6666	64.0	Stimulus/S  4	4	23966666	Male	12
2396.6667	64.0	Stimulus/S  8	8	23966667	Male	12
2396.6668	64.0	Stimulus/S  8	8	23966668	Male	12
2396.6669	64.0	Stimulus/S  4	4	23966669	Male	12
2396.667	64.0	Stimulus/S  4	4	23966670	Male	12
2460.6477	64.0	Stimulus/S  2	2	24606477	Male	12
2484.7751	64.0	Stimulus/S  1	1	24847751	Male	13
2484.7752	64.0	Stimulus/S  8	8	24847752	Male	13
2484.7753	64.0	Stimulus/S  4	4	24847753	Male	13
2484.7754	64.0	Stimulus/S  4	4	24847754	Male	13
2484.7755	64.0	Stimulus/S  8	8	24847755	Male	13
2484.7756	64.0	Stimulus/S  8	8	24847756	Male	13
2484.7757	64.0	Stimulus/S  4	4	24847757	Male	13
2484.7758	64.0	Stimulus/S  8	8	24847758	Male	13
2548.7566	64.0	Stimulus/S  2	2	25487566	Male	13
2588.9485	64.0	Stimulus/S  1	1	25889485	Male	14
2588.9486	64.0	Stimulus/S  8	8	25889486	Male	14
2588.9487	64.0	Stimulus/S  4	4	25889487	Male	14
2588.9488	64.0	Stimulus/S  4	4	25889488	Male	14
2588.9489	64.0	Stimulus/S  8	8	25889489	Male	14
2588.949	64.0	Stimulus/S  8	8	25889490	Male	14
2588.9491	64.0	Stimulus/S  8	8	25889491	Male	14
2588.9492	64.0	Stimulus/S  4	4	25889492	Male	14
2652.9299	64.0	Stimulus/S  2	2	26529299	Male	14
2677.8252	64.0	Stimulus/S  1	1	26778252	Male	15
2677.8253	64.0	Stimulus/S  8	8	26778253	Male	15
2677.8254	64.0	Stimulus/S  4	4	26778254	Male	15
2677.8255	64.0	Stimulus/S  4	4	26778255	Male	15
2677.8256	64.0	Stimulus/S  8	8	26778256	Male	15
2677.8257	64.0	Stimulus/S  8	8	26778257	Male	15
2677.8258	64.0	Stimulus/S  8	8	26778258	Male	15
2677.8259	64.0	Stimulus/S  8	8	26778259	Male	15
2741.8069	64.0	Stimulus/S  2	2	27418069	Male	15
2758.9792	64.0	Stimulus/S  1	1	27589792	Female	14
2758.9793	64.0	Stimulus/S  4	4	27589793	Female	14
2758.9794	64.0	Stimulus/S  4	4	27589794	Female	14
2758.9795	64.0	Stimulus/S  4	4	27589795	Female	14
2758.9796	64.0	Stimulus/S  8	8	27589796	Female	14
2758.9797	64.0	Stimulus/S  8	8	27589797	Female	14
2758.9798	64.0	Stimulus/S  8	8	27589798	Female	14
2758.9799	64.0	Stimulus/S  4	4	27589799	Female	14
2822.9607	64.0	Stimulus/S  2	2	28229607	Female	14
2838.3625	64.0	Stimulus/S  1	1	28383625	Female	15
2838.3626	64.0	Stimulus/S  4	4	28383626	Female	15
2838.3627	64.0	Stimulus/S  4	4	28383627	Female	15
2838.3628	64.0	Stimulus/S  4	4	28383628	Female	15
2838.3629	64.0	Stimulus/S  8	8	28383629	Female	15
2838.363	64.0	Stimulus/S  8	8	28383630	Female	15
2838.3631	64.0	Stimulus/S  8	8	28383631	Female	15
2838.3632	64.0	Stimulus/S  8	8	28383632	Female	15
2902.3442	64.0	Stimulus/S  2	2	29023442	Female	15
2953.4587	64.0	Stimulus/S  1	1	29534587	Female	16
2953.4588	64.0	Stimulus/S  4	4	29534588	Female	16
2953.4589	64.0	Stimulus/S  4	4	29534589	Female	16
2953.459	64.0	Stimulus/S  8	8	29534590	Female	16
2953.4591	64.0	Stimulus/S  4	4	29534591	Female	16
2953.4592	64.0	Stimulus/S  4	4	29534592	Female	16
2953.4593	64.0	Stimulus/S  4	4	29534593	Female	16
2953.4594	64.0	Stimulus/S  4	4	29534594	Female	16
3017.4404	64.0	Stimulus/S  2	2	30174404	Female	16
3039.8396	64.0	Stimulus/S  1	1	30398396	Female	17
3039.8397	64.0	Stimulus/S  4	4	30398397	Female	17
3039.8398	64.0	Stimulus/S  4	4	30398398	Female	17
3039.8399	64.0	Stimulus/S  8	8	30398399	Female	17
3039.84	64.0	Stimulus/S  4	4	30398400	Female	17
3039.8401	64.0	Stimulus/S  4	4	30398401	Female	17
3039.8402	64.0	Stimulus/S  4	4	30398402	Female	17
3039.8403	64.0	Stimulus/S  8	8	30398403	Female	17
3103.8213	64.0	Stimulus/S  2	2	31038213	Female	17
3126.8818	64.0	Stimulus/S  1	1	31268818	Male	16
3126.8819	64.0	Stimulus/S  8	8	31268819	Male	16
3126.882	64.0	Stimulus/S  4	4	31268820	Male	16
3126.8821	64.0	Stimulus/S  8	8	31268821	Male	16
3126.8822	64.0	Stimulus/S  4	4	31268822	Male	16
3126.8823	64.0	Stimulus/S  4	4	31268823	Male	16
3126.8824	64.0	Stimulus/S  4	4	31268824	Male	16
3126.8825	64.0	Stimulus/S  4	4	31268825	Male	16
3190.8633	64.0	Stimulus/S  2	2	31908633	Male	16
3215.5454	64.0	Stimulus/S  1	1	32155454	Male	17
3215.5455	64.0	Stimulus/S  8	8	32155455	Male	17
3215.5456	64.0	Stimulus/S  4	4	32155456	Male	17
3215.5457	64.0	Stimulus/S  8	8	32155457	Male	17
3215.5458	64.0	Stimulus/S  4	4	32155458	Male	17
3215.5459	64.0	Stimulus/S  4	4	32155459	Male	17
3215.546	64.0	Stimulus/S  4	4	32155460	Male	17
3215.5461	64.0	Stimulus/S  8	8	32155461	Male	17
3279.5269	64.0	Stimulus/S  2	2	32795269	Male	17
3304.8916	64.0	Stimulus/S  1	1	33048916	Male	18
3304.8917	64.0	Stimulus/S  8	8	33048917	Male	18
3304.8918	64.0	Stimulus/S  4	4	33048918	Male	18
3304.8919	64.0	Stimulus/S  8	8	33048919	Male	18
3304.892	64.0	Stimulus/S  4	4	33048920	Male	18
3304.8921	64.0	Stimulus/S  4	4	33048921	Male	18
3304.8922	64.0	Stimulus/S  8	8	33048922	Male	18
3304.8923	64.0	Stimulus/S  4	4	33048923	Male	18
3368.873	64.0	Stimulus/S  2	2	33688730	Male	18
3390.2271	64.0	Stimulus/S  1	1	33902271	Male	19
3390.2272	64.0	Stimulus/S  8	8	33902272	Male	19
3390.2273	64.0	Stimulus/S  4	4	33902273	Male	19
3390.2274	64.0	Stimulus/S  8	8	33902274	Male	19
3390.2275	64.0	Stimulus/S  4	4	33902275	Male	19
3390.2276	64.0	Stimulus/S  4	4	33902276	Male	19
3390.2277	64.0	Stimulus/S  8	8	33902277	Male	19
3390.2278	64.0	Stimulus/S  8	8	33902278	Male	19
3454.2085	64.0	Stimulus/S  2	2	34542085	Male	19
3476.9705	64.0	Stimulus/S  1	1	34769705	Female	18
3476.9706	64.0	Stimulus/S  4	4	34769706	Female	18
3476.9707	64.0	Stimulus/S  4	4	34769707	Female	18
3476.9708	64.0	Stimulus/S  8	8	34769708	Female	18
3476.9709	64.0	Stimulus/S  4	4	34769709	Female	18
3476.971	64.0	Stimulus/S  4	4	34769710	Female	18
3476.9711	64.0	Stimulus/S  8	8	34769711	Female	18
3476.9712	64.0	Stimulus/S  4	4	34769712	Female	18
3540.9519	64.0	Stimulus/S  2	2	35409519	Female	18
3561.6445	64.0	Stimulus/S  1	1	35616445	Female	19
3561.6446	64.0	Stimulus/S  4	4	35616446	Female	19
3561.6447	64.0	Stimulus/S  4	4	35616447	Female	19
3561.6448	64.0	Stimulus/S  8	8	35616448	Female	19
3561.6449	64.0	Stimulus/S  4	4	35616449	Female	19
3561.645	64.0	Stimulus/S  4	4	35616450	Female	19
3561.6451	64.0	Stimulus/S  8	8	35616451	Female	19
3561.6452	64.0	Stimulus/S  8	8	35616452	Female	19
3625.6262	64.0	Stimulus/S  2	2	36256262	Female	19
3654.7241	64.0	Stimulus/S  1	1	36547241	Female	20
3654.7242	64.0	Stimulus/S  4	4	36547242	Female	20
3654.7243	64.0	Stimulus/S  4	4	36547243	Female	20
3654.7244	64.0	Stimulus/S  8	8	36547244	Female	20
3654.7245	64.0	Stimulus/S  4	4	36547245	Female	20
3654.7246	64.0	Stimulus/S  8	8	36547246	Female	20
3654.7247	64.0	Stimulus/S  4	4	36547247	Female	20
3654.7248	64.0	Stimulus/S  4	4	36547248	Female	20
3718.7058	64.0	Stimulus/S  2	2	37187058	Female	20
3740.593	64.0	Stimulus/S  1	1	37405930	Female	21
3740.5931	64.0	Stimulus/S  4	4	37405931	Female	21
3740.5932	64.0	Stimulus/S  4	4	37405932	Female	21
3740.5933	64.0	Stimulus/S  8	8	37405933	Female	21
3740.5934	64.0	Stimulus/S  4	4	37405934	Female	21
3740.5935	64.0	Stimulus/S  8	8	37405935	Female	21
3740.5936	64.0	Stimulus/S  4	4	37405936	Female	21
3740.5937	64.0	Stimulus/S  8	8	37405937	Female	21
3804.5747	64.0	Stimulus/S  2	2	38045747	Female	21
3821.6404	64.0	Stimulus/S  1	1	38216404	Male	20
3821.6405	64.0	Stimulus/S  8	8	38216405	Male	20
3821.6406	64.0	Stimulus/S  4	4	38216406	Male	20
3821.6407	64.0	Stimulus/S  8	8	38216407	Male	20
3821.6408	64.0	Stimulus/S  4	4	38216408	Male	20
3821.6409	64.0	Stimulus/S  8	8	38216409	Male	20
3821.641	64.0	Stimulus/S  4	4	38216410	Male	20
3821.6411	64.0	Stimulus/S  4	4	38216411	Male	20
3885.6221	64.0	Stimulus/S  2	2	38856221	Male	20
3906.4424	64.0	Stimulus/S  1	1	39064424	Male	21
3906.4425	64.0	Stimulus/S  8	8	39064425	Male	21
3906.4426	64.0	Stimulus/S  4	4	39064426	Male	21
3906.4427	64.0	Stimulus/S  8	8	39064427	Male	21
3906.4428	64.0	Stimulus/S  4	4	39064428	Male	21
3906.4429	64.0	Stimulus/S  8	8	39064429	Male	21
3906.443	64.0	Stimulus/S  4	4	39064430	Male	21
3906.4431	64.0	Stimulus/S  8	8	39064431	Male	21
3970.4241	64.0	Stimulus/S  2	2	39704241	Male	21
4022.7119	64.0	Stimulus/S  1	1	40227119	Male	22
4022.712	64.0	Stimulus/S  8	8	40227120	Male	22
4022.7121	64.0	Stimulus/S  4	4	40227121	Male	22
4022.7122	64.0	Stimulus/S  8	8	40227122	Male	22
4022.7123	64.0	Stimulus/S  4	4	40227123	Male	22
4022.7124	64.0	Stimulus/S  8	8	40227124	Male	22
4022.7125	64.0	Stimulus/S  8	8	40227125	Male	22
4022.7126	64.0	Stimulus/S  4	4	40227126	Male	22
4086.6936	64.0	Stimulus/S  2	2	40866936	Male	22
4120.1226	64.0	Stimulus/S  1	1	41201226	Male	23
4120.1227	64.0	Stimulus/S  8	8	41201227	Male	23
4120.1228	64.0	Stimulus/S  4	4	41201228	Male	23
4120.1229	64.0	Stimulus/S  8	8	41201229	Male	23
4120.123	64.0	Stimulus/S  4	4	41201230	Male	23
4120.1231	64.0	Stimulus/S  8	8	41201231	Male	23
4120.1232	64.0	Stimulus/S  8	8	41201232	Male	23
4120.1233	64.0	Stimulus/S  8	8	41201233	Male	23
4184.104	64.0	Stimulus/S  2	2	41841040	Male	23
4206.8872	64.0	Stimulus/S  1	1	42068872	Female	22
4206.8873	64.0	Stimulus/S  4	4	42068873	Female	22
4206.8874	64.0	Stimulus/S  4	4	42068874	Female	22
4206.8875	64.0	Stimulus/S  8	8	42068875	Female	22
4206.8876	64.0	Stimulus/S  4	4	42068876	Female	22
4206.8877	64.0	Stimulus/S  8	8	42068877	Female	22
4206.8878	64.0	Stimulus/S  8	8	42068878	Female	22
4206.8879	64.0	Stimulus/S  4	4	42068879	Female	22
4270.8687	64.0	Stimulus/S  2	2	42708687	Female	22
4291.2412	64.0	Stimulus/S  1	1	42912412	Female	23
4291.2413	64.0	Stimulus/S  4	4	42912413	Female	23
4291.2414	64.0	Stimulus/S  4	4	42912414	Female	23
4291.2415	64.0	Stimulus/S  8	8	42912415	Female	23
4291.2416	64.0	Stimulus/S  4	4	42912416	Female	23
4291.2417	64.0	Stimulus/S  8	8	42912417	Female	23
4291.2418	64.0	Stimulus/S  8	8	42912418	Female	23
4291.2419	64.0	Stimulus/S  8	8	42912419	Female	23
4355.2231	64.0	Stimulus/S  2	2	43552231	Female	23
4382.9985	64.0	Stimulus/S  1	1	43829985	Female	24
4382.9986	64.0	Stimulus/S  4	4	43829986	Female	24
4382.9987	64.0	Stimulus/S  4	4	43829987	Female	24
4382.9988	64.0	Stimulus/S  8	8	43829988	Female	24
4382.9989	64.0	Stimulus/S  8	8	43829989	Female	24
4382.999	64.0	Stimulus/S  4	4	43829990	Female	24
4382.9991	64.0	Stimulus/S  4	4	43829991	Female	24
4382.9992	64.0	Stimulus/S  4	4	43829992	Female	24
4446.98	64.0	Stimulus/S  2	2	44469800	Female	24
4471.043	64.0	Stimulus/S  1	1	44710430	Female	25
4471.0431	64.0	Stimulus/S  4	4	44710431	Female	25
4471.0432	64.0	Stimulus/S  4	4	44710432	Female	25
4471.0433	64.0	Stimulus/S  8	8	44710433	Female	25
4471.0434	64.0	Stimulus/S  8	8	44710434	Female	25
4471.0435	64.0	Stimulus/S  4	4	44710435	Female	25
4471.0436	64.0	Stimulus/S  4	4	44710436	Female	25
4471.0437	64.0	Stimulus/S  8	8	44710437	Female	25
4535.0249	64.0	Stimulus/S  2	2	45350249	Female	25
4558.1494	64.0	Stimulus/S  1	1	45581494	Male	24
4558.1495	64.0	Stimulus/S  8	8	45581495	Male	24
4558.1496	64.0	Stimulus/S  4	4	45581496	Male	24
4558.1497	64.0	Stimulus/S  8	8	45581497	Male	24
4558.1498	64.0	Stimulus/S  8	8	45581498	Male	24
4558.1499	64.0	Stimulus/S  4	4	45581499	Male	24
4558.15	64.0	Stimulus/S  4	4	45581500	Male	24
4558.1501	64.0	Stimulus/S  4	4	45581501	Male	24
4622.1309	64.0	Stimulus/S  2	2	46221309	Male	24
4644.4023	64.0	Stimulus/S  1	1	46444023	Male	25
4644.4024	64.0	Stimulus/S  8	8	46444024	Male	25
4644.4025	64.0	Stimulus/S  4	4	46444025	Male	25
4644.4026	64.0	Stimulus/S  8	8	46444026	Male	25
4644.4027	64.0	Stimulus/S  8	8	46444027	Male	25
4644.4028	64.0	Stimulus/S  4	4	46444028	Male	25
4644.4029	64.0	Stimulus/S  4	4	46444029	Male	25
4644.403	64.0	Stimulus/S  8	8	46444030	Male	25
4708.3838	64.0	Stimulus/S  2	2	47083838	Male	25
4730.6763	64.0	Stimulus/S  1	1	47306763	Male	26
4730.6764	64.0	Stimulus/S  8	8	47306764	Male	26
4730.6765	64.0	Stimulus/S  4	4	47306765	Male	26
4730.6766	64.0	Stimulus/S  8	8	47306766	Male	26
4730.6767	64.0	Stimulus/S  8	8	47306767	Male	26
4730.6768	64.0	Stimulus/S  4	4	47306768	Male	26
4730.6769	64.0	Stimulus/S  8	8	47306769	Male	26
4730.677	64.0	Stimulus/S  4	4	47306770	Male	26
4794.6577	64.0	Stimulus/S  2	2	47946577	Male	26
4814.6465	64.0	Stimulus/S  1	1	48146465	Male	27
4814.6466	64.0	Stimulus/S  8	8	48146466	Male	27
4814.6467	64.0	Stimulus/S  4	4	48146467	Male	27
4814.6468	64.0	Stimulus/S  8	8	48146468	Male	27
4814.6469	64.0	Stimulus/S  8	8	48146469	Male	27
4814.647	64.0	Stimulus/S  4	4	48146470	Male	27
4814.6471	64.0	Stimulus/S  8	8	48146471	Male	27
4814.6472	64.0	Stimulus/S  8	8	48146472	Male	27
4878.6279	64.0	Stimulus/S  2	2	48786279	Male	27
4895.0962	64.0	Stimulus/S  1	1	48950962	Female	26
4895.0963	64.0	Stimulus/S  4	4	48950963	Female	26
4895.0964	64.0	Stimulus/S  4	4	48950964	Female	26
4895.0965	64.0	Stimulus/S  8	8	48950965	Female	26
4895.0966	64.0	Stimulus/S  8	8	48950966	Female	26
4895.0967	64.0	Stimulus/S  4	4	48950967	Female	26
4895.0968	64.0	Stimulus/S  8	8	48950968	Female	26
4895.0969	64.0	Stimulus/S  4	4	48950969	Female	26
4959.0781	64.0	Stimulus/S  2	2	49590781	Female	26
4974.5864	64.0	Stimulus/S  1	1	49745864	Female	27
4974.5865	64.0	Stimulus/S  4	4	49745865	Female	27
4974.5866	64.0	Stimulus/S  4	4	49745866	Female	27
4974.5867	64.0	Stimulus/S  8	8	49745867	Female	27
4974.5868	64.0	Stimulus/S  8	8	49745868	Female	27
4974.5869	64.0	Stimulus/S  4	4	49745869	Female	27
4974.587	64.0	Stimulus/S  8	8	49745870	Female	27
4974.5871	64.0	Stimulus/S  8	8	49745871	Female	27
5038.5679	64.0	Stimulus/S  2	2	50385679	Female	27
5090.5786	64.0	Stimulus/S  1	1	50905786	Female	28
5090.5787	64.0	Stimulus/S  4	4	50905787	Female	28
5090.5788	64.0	Stimulus/S  4	4	50905788	Female	28
5090.5789	64.0	Stimulus/S  8	8	50905789	Female	28
5090.579	64.0	Stimulus/S  8	8	50905790	Female	28
5090.5791	64.0	Stimulus/S  8	8	50905791	Female	28
5090.5792	64.0	Stimulus/S  4	4	50905792	Female	28
5090.5793	64.0	Stimulus/S  4	4	50905793	Female	28
5154.5601	64.0	Stimulus/S  2	2	51545601	Female	28
5177.3433	64.0	Stimulus/S  1	1	51773433	Female	29
5177.3434	64.0	Stimulus/S  4	4	51773434	Female	29
5177.3435	64.0	Stimulus/S  4	4	51773435	Female	29
5177.3436	64.0	Stimulus/S  8	8	51773436	Female	29
5177.3437	64.0	Stimulus/S  8	8	51773437	Female	29
5177.3438	64.0	Stimulus/S  8	8	51773438	Female	29
5177.3439	64.0	Stimulus/S  4	4	51773439	Female	29
5177.344	64.0	Stimulus/S  8	8	51773440	Female	29
5241.3252	64.0	Stimulus/S  2	2	52413252	Female	29
5259.7559	64.0	Stimulus/S  1	1	52597559	Male	28
5259.756	64.0	Stimulus/S  8	8	52597560	Male	28
5259.7561	64.0	Stimulus/S  4	4	52597561	Male	28
5259.7562	64.0	Stimulus/S  8	8	52597562	Male	28
5259.7563	64.0	Stimulus/S  8	8	52597563	Male	28
5259.7564	64.0	Stimulus/S  8	8	52597564	Male	28
5259.7565	64.0	Stimulus/S  4	4	52597565	Male	28
5259.7566	64.0	Stimulus/S  4	4	52597566	Male	28
5323.7378	64.0	Stimulus/S  2	2	53237378	Male	28
5350.1904	64.0	Stimulus/S  1	1	53501904	Male	29
5350.1905	64.0	Stimulus/S  8	8	53501905	Male	29
5350.1906	64.0	Stimulus/S  4	4	53501906	Male	29
5350.1907	64.0	Stimulus/S  8	8	53501907	Male	29
5350.1908	64.0	Stimulus/S  8	8	53501908	Male	29
5350.1909	64.0	Stimulus/S  8	8	53501909	Male	29
5350.191	64.0	Stimulus/S  4	4	53501910	Male	29
5350.1911	64.0	Stimulus/S  8	8	53501911	Male	29
5414.1719	64.0	Stimulus/S  2	2	54141719	Male	29
5441.3286	64.0	Stimulus/S  1	1	54413286	Male	30
5441.3287	64.0	Stimulus/S  8	8	54413287	Male	30
5441.3288	64.0	Stimulus/S  4	4	54413288	Male	30
5441.3289	64.0	Stimulus/S  8	8	54413289	Male	30
5441.329	64.0	Stimulus/S  8	8	54413290	Male	30
5441.3291	64.0	Stimulus/S  8	8	54413291	Male	30
5441.3292	64.0	Stimulus/S  8	8	54413292	Male	30
5441.3293	64.0	Stimulus/S  4	4	54413293	Male	30
5505.3101	64.0	Stimulus/S  2	2	55053101	Male	30
5525.3838	64.0	Stimulus/S  1	1	55253838	Male	31
5525.3839	64.0	Stimulus/S  8	8	55253839	Male	31
5525.384	64.0	Stimulus/S  4	4	55253840	Male	31
5525.3841	64.0	Stimulus/S  8	8	55253841	Male	31
5525.3842	64.0	Stimulus/S  8	8	55253842	Male	31
5525.3843	64.0	Stimulus/S  8	8	55253843	Male	31
5525.3844	64.0	Stimulus/S  8	8	55253844	Male	31
5525.3845	64.0	Stimulus/S  8	8	55253845	Male	31
5589.3657	64.0	Stimulus/S  2	2	55893657	Male	31
5612.8315	64.0	Stimulus/S  1	1	56128315	Female	30
5612.8316	64.0	Stimulus/S  4	4	56128316	Female	30
5612.8317	64.0	Stimulus/S  4	4	56128317	Female	30
5612.8318	64.0	Stimulus/S  8	8	56128318	Female	30
5612.8319	64.0	Stimulus/S  8	8	56128319	Female	30
5612.832	64.0	Stimulus/S  8	8	56128320	Female	30
5612.8321	64.0	Stimulus/S  8	8	56128321	Female	30
5612.8322	64.0	Stimulus/S  4	4	56128322	Female	30
5676.813	64.0	Stimulus/S  2	2	56768130	Female	30
5700.4497	64.0	Stimulus/S  1	1	57004497	Female	31
5700.4498	64.0	Stimulus/S  4	4	57004498	Female	31
5700.4499	64.0	Stimulus/S  4	4	57004499	Female	31
5700.45	64.0	Stimulus/S  8	8	57004500	Female	31
5700.4501	64.0	Stimulus/S  8	8	57004501	Female	31
5700.4502	64.0	Stimulus/S  8	8	57004502	Female	31
5700.4503	64.0	Stimulus/S  8	8	57004503	Female	31
5700.4504	64.0	Stimulus/S  8	8	57004504	Female	31
5764.4312	64.0	Stimulus/S  2	2	57644312	Female	31
5810.1909	64.0	Stimulus/S  1	1	58101909	Female	32
5810.191	64.0	Stimulus/S  4	4	58101910	Female	32
5810.1911	64.0	Stimulus/S  8	8	58101911	Female	32
5810.1912	64.0	Stimulus/S  4	4	58101912	Female	32
5810.1913	64.0	Stimulus/S  4	4	58101913	Female	32
5810.1914	64.0	Stimulus/S  4	4	58101914	Female	32
5810.1915	64.0	Stimulus/S  4	4	58101915	Female	32
5810.1916	64.0	Stimulus/S  4	4	58101916	Female	32
5874.1724	64.0	Stimulus/S  2	2	58741724	Female	32
5896.8706	64.0	Stimulus/S  1	1	58968706	Female	33
5896.8707	64.0	Stimulus/S  4	4	58968707	Female	33
5896.8708	64.0	Stimulus/S  8	8	58968708	Female	33
5896.8709	64.0	Stimulus/S  4	4	58968709	Female	33
5896.871	64.0	Stimulus/S  4	4	58968710	Female	33
5896.8711	64.0	Stimulus/S  4	4	58968711	Female	33
5896.8712	64.0	Stimulus/S  4	4	58968712	Female	33
5896.8713	64.0	Stimulus/S  8	8	58968713	Female	33
5960.8521	64.0	Stimulus/S  2	2	59608521	Female	33
5982.5474	64.0	Stimulus/S  1	1	59825474	Male	32
5982.5475	64.0	Stimulus/S  8	8	59825475	Male	32
5982.5476	64.0	Stimulus/S  8	8	59825476	Male	32
5982.5477	64.0	Stimulus/S  4	4	59825477	Male	32
5982.5478	64.0	Stimulus/S  4	4	59825478	Male	32
5982.5479	64.0	Stimulus/S  4	4	59825479	Male	32
5982.548	64.0	Stimulus/S  4	4	59825480	Male	32
5982.5481	64.0	Stimulus/S  4	4	59825481	Male	32
6046.5288	64.0	Stimulus/S  2	2	60465288	Male	32
6071.168	64.0	Stimulus/S  1	1	60711680	Male	33
6071.1681	64.0	Stimulus/S  8	8	60711681	Male	33
6071.1682	64.0	Stimulus/S  8	8	60711682	Male	33
6071.1683	64.0	Stimulus/S  4	4	60711683	Male	33
6071.1684	64.0	Stimulus/S  4	4	60711684	Male	33
6071.1685	64.0	Stimulus/S  4	4	60711685	Male	33
6071.1686	64.0	Stimulus/S  4	4	60711686	Male	33
6071.1687	64.0	Stimulus/S  8	8	60711687	Male	33
6135.1499	64.0	Stimulus/S  2	2	61351499	Male	33
6153.0049	64.0	Stimulus/S  1	1	61530049	Male	34
6153.005	64.0	Stimulus/S  8	8	61530050	Male	34
6153.0051	64.0	Stimulus/S  8	8	61530051	Male	34
6153.0052	64.0	Stimulus/S  4	4	61530052	Male	34
6153.0053	64.0	Stimulus/S  4	4	61530053	Male	34
6153.0054	64.0	Stimulus/S  4	4	61530054	Male	34
6153.0055	64.0	Stimulus/S  8	8	61530055	Male	34
6153.0056	64.0	Stimulus/S  4	4	61530056	Male	34
6216.9863	64.0	Stimulus/S  2	2	62169863	Male	34
6246.042	64.0	Stimulus/S  1	1	62460420	Male	35
6246.0421	64.0	Stimulus/S  8	8	62460421	Male	35
6246.0422	64.0	Stimulus/S  8	8	62460422	Male	35
6246.0423	64.0	Stimulus/S  4	4	62460423	Male	35
6246.0424	64.0	Stimulus/S  4	4	62460424	Male	35
6246.0425	64.0	Stimulus/S  4	4	62460425	Male	35
6246.0426	64.0	Stimulus/S  8	8	62460426	Male	35
6246.0427	64.0	Stimulus/S  8	8	62460427	Male	35
6310.0234	64.0	Stimulus/S  2	2	63100234	Male	35
6335.0894	64.0	Stimulus/S  1	1	63350894	Female	34
6335.0895	64.0	Stimulus/S  4	4	63350895	Female	34
6335.0896	64.0	Stimulus/S  8	8	63350896	Female	34
6335.0897	64.0	Stimulus/S  4	4	63350897	Female	34
6335.0898	64.0	Stimulus/S  4	4	63350898	Female	34
6335.0899	64.0	Stimulus/S  4	4	63350899	Female	34
6335.09	64.0	Stimulus/S  8	8	63350900	Female	34
6335.0901	64.0	Stimulus/S  4	4	63350901	Female	34
6399.0708	64.0	Stimulus/S  2	2	63990708	Female	34
6420.1689	64.0	Stimulus/S  1	1	64201689	Female	35
6420.169	64.0	Stimulus/S  4	4	64201690	Female	35
6420.1691	64.0	Stimulus/S  8	8	64201691	Female	35
6420.1692	64.0	Stimulus/S  4	4	64201692	Female	35
6420.1693	64.0	Stimulus/S  4	4	64201693	Female	35
6420.1694	64.0	Stimulus/S  4	4	64201694	Female	35
6420.1695	64.0	Stimulus/S  8	8	64201695	Female	35
6420.1696	64.0	Stimulus/S  8	8	64201696	Female	35
6484.1504	64.0	Stimulus/S  2	2	64841504	Female	35
6512.2671	64.0	Stimulus/S  1	1	65122671	Female	36
6512.2672	64.0	Stimulus/S  4	4	65122672	Female	36
6512.2673	64.0	Stimulus/S  8	8	65122673	Female	36
6512.2674	64.0	Stimulus/S  4	4	65122674	Female	36
6512.2675	64.0	Stimulus/S  4	4	65122675	Female	36
6512.2676	64.0	Stimulus/S  8	8	65122676	Female	36
6512.2677	64.0	Stimulus/S  4	4	65122677	Female	36
6512.2678	64.0	Stimulus/S  4	4	65122678	Female	36
6576.249	64.0	Stimulus/S  2	2	65762490	Female	36
6593.1011	64.0	Stimulus/S  1	1	65931011	Female	37
6593.1012	64.0	Stimulus/S  4	4	65931012	Female	37
6593.1013	64.0	Stimulus/S  8	8	65931013	Female	37
6593.1014	64.0	Stimulus/S  4	4	65931014	Female	37
6593.1015	64.0	Stimulus/S  4	4	65931015	Female	37
6593.1016	64.0	Stimulus/S  8	8	65931016	Female	37
6593.1017	64.0	Stimulus/S  4	4	65931017	Female	37
6593.1018	64.0	Stimulus/S  8	8	65931018	Female	37
6657.083	64.0	Stimulus/S  2	2	66570830	Female	37
6680.3994	64.0	Stimulus/S  1	1	66803994	Male	36
6680.3995	64.0	Stimulus/S  8	8	66803995	Male	36
6680.3996	64.0	Stimulus/S  8	8	66803996	Male	36
6680.3997	64.0	Stimulus/S  4	4	66803997	Male	36
6680.3998	64.0	Stimulus/S  4	4	66803998	Male	36
6680.3999	64.0	Stimulus/S  8	8	66803999	Male	36
6680.4	64.0	Stimulus/S  4	4	66804000	Male	36
6680.4001	64.0	Stimulus/S  4	4	66804001	Male	36
6744.3809	64.0	Stimulus/S  2	2	67443809	Male	36
6772.5615	64.0	Stimulus/S  1	1	67725615	Male	37
6772.5616	64.0	Stimulus/S  8	8	67725616	Male	37
6772.5617	64.0	Stimulus/S  8	8	67725617	Male	37
6772.5618	64.0	Stimulus/S  4	4	67725618	Male	37
6772.5619	64.0	Stimulus/S  4	4	67725619	Male	37
6772.562	64.0	Stimulus/S  8	8	67725620	Male	37
6772.5621	64.0	Stimulus/S  4	4	67725621	Male	37
6772.5622	64.0	Stimulus/S  8	8	67725622	Male	37
6836.543	64.0	Stimulus/S  2	2	68365430	Male	37
6868.2866	64.0	Stimulus/S  1	1	68682866	Male	38
6868.2867	64.0	Stimulus/S  8	8	68682867	Male	38
6868.2868	64.0	Stimulus/S  8	8	68682868	Male	38
6868.2869	64.0	Stimulus/S  4	4	68682869	Male	38
6868.287	64.0	Stimulus/S  4	4	68682870	Male	38
6868.2871	64.0	Stimulus/S  8	8	68682871	Male	38
6868.2872	64.0	Stimulus/S  8	8	68682872	Male	38
6868.2873	64.0	Stimulus/S  4	4	68682873	Male	38
6932.2681	64.0	Stimulus/S  2	2	69322681	Male	38
6955.1797	64.0	Stimulus/S  1	1	69551797	Male	39
6955.1798	64.0	Stimulus/S  8	8	69551798	Male	39
6955.1799	64.0	Stimulus/S  8	8	69551799	Male	39
6955.18	64.0	Stimulus/S  4	4	69551800	Male	39
6955.1801	64.0	Stimulus/S  4	4	69551801	Male	39
6955.1802	64.0	Stimulus/S  8	8	69551802	Male	39
6955.1803	64.0	Stimulus/S  8	8	69551803	Male	39
6955.1804	64.0	Stimulus/S  8	8	69551804	Male	39
7019.1611	64.0	Stimulus/S  2	2	70191611	Male	39
7041.9443	64.0	Stimulus/S  1	1	70419443	Female	38
7041.9444	64.0	Stimulus/S  4	4	70419444	Female	38
7041.9445	64.0	Stimulus/S  8	8	70419445	Female	38
7041.9446	64.0	Stimulus/S  4	4	70419446	Female	38
7041.9447	64.0	Stimulus/S  4	4	70419447	Female	38
7041.9448	64.0	Stimulus/S  8	8	70419448	Female	38
7041.9449	64.0	Stimulus/S  8	8	70419449	Female	38
7041.945	64.0	Stimulus/S  4	4	70419450	Female	38
7105.9258	64.0	Stimulus/S  2	2	71059258	Female	38
7129.5625	64.0	Stimulus/S  1	1	71295625	Female	39
7129.5626	64.0	Stimulus/S  4	4	71295626	Female	39
7129.5627	64.0	Stimulus/S  8	8	71295627	Female	39
7129.5628	64.0	Stimulus/S  4	4	71295628	Female	39
7129.5629	64.0	Stimulus/S  4	4	71295629	Female	39
7129.563	64.0	Stimulus/S  8	8	71295630	Female	39
7129.5631	64.0	Stimulus/S  8	8	71295631	Female	39
7129.5632	64.0	Stimulus/S  8	8	71295632	Female	39
7193.5439	64.0	Stimulus/S  2	2	71935439	Female	39
7222.3433	64.0	Stimulus/S  1	1	72223433	Female	40
7222.3434	64.0	Stimulus/S  4	4	72223434	Female	40
7222.3435	64.0	Stimulus/S  8	8	72223435	Female	40
7222.3436	64.0	Stimulus/S  4	4	72223436	Female	40
7222.3437	64.0	Stimulus/S  8	8	72223437	Female	40
7222.3438	64.0	Stimulus/S  4	4	72223438	Female	40
7222.3439	64.0	Stimulus/S  4	4	72223439	Female	40
7222.344	64.0	Stimulus/S  4	4	72223440	Female	40
7286.3252	64.0	Stimulus/S  2	2	72863252	Female	40
7313.8872	64.0	Stimulus/S  1	1	73138872	Female	41
7313.8873	64.0	Stimulus/S  4	4	73138873	Female	41
7313.8874	64.0	Stimulus/S  8	8	73138874	Female	41
7313.8875	64.0	Stimulus/S  4	4	73138875	Female	41
7313.8876	64.0	Stimulus/S  8	8	73138876	Female	41
7313.8877	64.0	Stimulus/S  4	4	73138877	Female	41
7313.8878	64.0	Stimulus/S  4	4	73138878	Female	41
7313.8879	64.0	Stimulus/S  8	8	73138879	Female	41
7377.8687	64.0	Stimulus/S  2	2	73778687	Female	41
7406.9028	64.0	Stimulus/S  1	1	74069028	Male	40
7406.9029	64.0	Stimulus/S  8	8	74069029	Male	40
7406.903	64.0	Stimulus/S  8	8	74069030	Male	40
7406.9031	64.0	Stimulus/S  4	4	74069031	Male	40
7406.9032	64.0	Stimulus/S  8	8	74069032	Male	40
7406.9033	64.0	Stimulus/S  4	4	74069033	Male	40
7406.9034	64.0	Stimulus/S  4	4	74069034	Male	40
7406.9035	64.0	Stimulus/S  4	4	74069035	Male	40
7470.8843	64.0	Stimulus/S  2	2	74708843	Male	40
7492.4941	64.0	Stimulus/S  1	1	74924941	Male	41
7492.4942	64.0	Stimulus/S  8	8	74924942	Male	41
7492.4943	64.0	Stimulus/S  8	8	74924943	Male	41
7492.4944	64.0	Stimulus/S  4	4	74924944	Male	41
7492.4945	64.0	Stimulus/S  8	8	74924945	Male	41
7492.4946	64.0	Stimulus/S  4	4	74924946	Male	41
7492.4947	64.0	Stimulus/S  4	4	74924947	Male	41
7492.4948	64.0	Stimulus/S  8	8	74924948	Male	41
7556.4756	64.0	Stimulus/S  2	2	75564756	Male	41
7602.8115	64.0	Stimulus/S  1	1	76028115	Male	42
7602.8116	64.0	Stimulus/S  8	8	76028116	Male	42
7602.8117	64.0	Stimulus/S  8	8	76028117	Male	42
7602.8118	64.0	Stimulus/S  4	4	76028118	Male	42
7602.8119	64.0	Stimulus/S  8	8	76028119	Male	42
7602.812	64.0	Stimulus/S  4	4	76028120	Male	42
7602.8121	64.0	Stimulus/S  8	8	76028121	Male	42
7602.8122	64.0	Stimulus/S  4	4	76028122	Male	42
7666.793	64.0	Stimulus/S  2	2	76667930	Male	42
7693.1392	64.0	Stimulus/S  1	1	76931392	Male	43
7693.1393	64.0	Stimulus/S  8	8	76931393	Male	43
7693.1394	64.0	Stimulus/S  8	8	76931394	Male	43
7693.1395	64.0	Stimulus/S  4	4	76931395	Male	43
7693.1396	64.0	Stimulus/S  8	8	76931396	Male	43
7693.1397	64.0	Stimulus/S  4	4	76931397	Male	43
7693.1398	64.0	Stimulus/S  8	8	76931398	Male	43
7693.1399	64.0	Stimulus/S  8	8	76931399	Male	43
7757.1206	64.0	Stimulus/S  2	2	77571206	Male	43
7773.0986	64.0	Stimulus/S  1	1	77730986	Female	42
7773.0987	64.0	Stimulus/S  4	4	77730987	Female	42
7773.0988	64.0	Stimulus/S  8	8	77730988	Female	42
7773.0989	64.0	Stimulus/S  4	4	77730989	Female	42
7773.099	64.0	Stimulus/S  8	8	77730990	Female	42
7773.0991	64.0	Stimulus/S  4	4	77730991	Female	42
7773.0992	64.0	Stimulus/S  8	8	77730992	Female	42
7773.0993	64.0	Stimulus/S  4	4	77730993	Female	42
7837.0801	64.0	Stimulus/S  2	2	78370801	Female	42
7869.7622	64.0	Stimulus/S  1	1	78697622	Female	43
7869.7623	64.0	Stimulus/S  4	4	78697623	Female	43
7869.7624	64.0	Stimulus/S  8	8	78697624	Female	43
7869.7625	64.0	Stimulus/S  4	4	78697625	Female	43
7869.7626	64.0	Stimulus/S  8	8	78697626	Female	43
7869.7627	64.0	Stimulus/S  4	4	78697627	Female	43
7869.7628	64.0	Stimulus/S  8	8	78697628	Female	43
7869.7629	64.0	Stimulus/S  8	8	78697629	Female	43
7933.7437	64.0	Stimulus/S  2	2	79337437	Female	43
7967.002	64.0	Stimulus/S  1	1	79670020	Female	44
7967.0021	64.0	Stimulus/S  4	4	79670021	Female	44
7967.0022	64.0	Stimulus/S  8	8	79670022	Female	44
7967.0023	64.0	Stimulus/S  4	4	79670023	Female	44
7967.0024	64.0	Stimulus/S  8	8	79670024	Female	44
7967.0025	64.0	Stimulus/S  8	8	79670025	Female	44
7967.0026	64.0	Stimulus/S  4	4	79670026	Female	44
7967.0027	64.0	Stimulus/S  4	4	79670027	Female	44
8030.9834	64.0	Stimulus/S  2	2	80309834	Female	44
8050.5454	64.0	Stimulus/S  1	1	80505454	Female	45
8050.5455	64.0	Stimulus/S  4	4	80505455	Female	45
8050.5456	64.0	Stimulus/S  8	8	80505456	Female	45
8050.5457	64.0	Stimulus/S  4	4	80505457	Female	45
8050.5458	64.0	Stimulus/S  8	8	80505458	Female	45
8050.5459	64.0	Stimulus/S  8	8	80505459	Female	45
8050.546	64.0	Stimulus/S  4	4	80505460	Female	45
8050.5461	64.0	Stimulus/S  8	8	80505461	Female	45
8114.5269	64.0	Stimulus/S  2	2	81145269	Female	45
8146.6968	64.0	Stimulus/S  1	1	81466968	Male	44
8146.6969	64.0	Stimulus/S  8	8	81466969	Male	44
8146.697	64.0	Stimulus/S  8	8	81466970	Male	44
8146.6971	64.0	Stimulus/S  4	4	81466971	Male	44
8146.6972	64.0	Stimulus/S  8	8	81466972	Male	44
8146.6973	64.0	Stimulus/S  8	8	81466973	Male	44
8146.6974	64.0	Stimulus/S  4	4	81466974	Male	44
8146.6975	64.0	Stimulus/S  4	4	81466975	Male	44
8210.6787	64.0	Stimulus/S  2	2	82106787	Male	44
8230.6885	64.0	Stimulus/S  1	1	82306885	Male	45
8230.6886	64.0	Stimulus/S  8	8	82306886	Male	45
8230.6887	64.0	Stimulus/S  8	8	82306887	Male	45
8230.6888	64.0	Stimulus/S  4	4	82306888	Male	45
8230.6889	64.0	Stimulus/S  8	8	82306889	Male	45
8230.689	64.0	Stimulus/S  8	8	82306890	Male	45
8230.6891	64.0	Stimulus/S  4	4	82306891	Male	45
8230.6892	64.0	Stimulus/S  8	8	82306892	Male	45
8294.6699	64.0	Stimulus/S  2	2	82946699	Male	45
8341.9023	64.0	Stimulus/S  1	1	83419023	Male	46
8341.9024	64.0	Stimulus/S  8	8	83419024	Male	46
8341.9025	64.0	Stimulus/S  8	8	83419025	Male	46
8341.9026	64.0	Stimulus/S  4	4	83419026	Male	46
8341.9027	64.0	Stimulus/S  8	8	83419027	Male	46
8341.9028	64.0	Stimulus/S  8	8	83419028	Male	46
8341.9029	64.0	Stimulus/S  8	8	83419029	Male	46
8341.903	64.0	Stimulus/S  4	4	83419030	Male	46
8405.8838	64.0	Stimulus/S  2	2	84058838	Male	46
8435.835	64.0	Stimulus/S  1	1	84358350	Male	47
8435.8351	64.0	Stimulus/S  8	8	84358351	Male	47
8435.8352	64.0	Stimulus/S  8	8	84358352	Male	47
8435.8353	64.0	Stimulus/S  4	4	84358353	Male	47
8435.8354	64.0	Stimulus/S  8	8	84358354	Male	47
8435.8355	64.0	Stimulus/S  8	8	84358355	Male	47
8435.8356	64.0	Stimulus/S  8	8	84358356	Male	47
8435.8357	64.0	Stimulus/S  8	8	84358357	Male	47
8499.8164	64.0	Stimulus/S  2	2	84998164	Male	47
8516.6689	64.0	Stimulus/S  1	1	85166689	Female	46
8516.669	64.0	Stimulus/S  4	4	85166690	Female	46
8516.6691	64.0	Stimulus/S  8	8	85166691	Female	46
8516.6692	64.0	Stimulus/S  4	4	85166692	Female	46
8516.6693	64.0	Stimulus/S  8	8	85166693	Female	46
8516.6694	64.0	Stimulus/S  8	8	85166694	Female	46
8516.6695	64.0	Stimulus/S  8	8	85166695	Female	46
8516.6696	64.0	Stimulus/S  4	4	85166696	Female	46
8580.6504	64.0	Stimulus/S  2	2	85806504	Female	46
8619.1143	64.0	Stimulus/S  1	1	86191143	Female	47
8619.1144	64.0	Stimulus/S  4	4	86191144	Female	47
8619.1145	64.0	Stimulus/S  8	8	86191145	Female	47
8619.1146	64.0	Stimulus/S  4	4	86191146	Female	47
8619.1147	64.0	Stimulus/S  8	8	86191147	Female	47
8619.1148	64.0	Stimulus/S  8	8	86191148	Female	47
8619.1149	64.0	Stimulus/S  8	8	86191149	Female	47
8619.115	64.0	Stimulus/S  8	8	86191150	Female	47
8683.0957	64.0	Stimulus/S  2	2	86830957	Female	47
8710.3164	64.0	Stimulus/S  1	1	87103164	Female	48
8710.3165	64.0	Stimulus/S  4	4	87103165	Female	48
8710.3166	64.0	Stimulus/S  8	8	87103166	Female	48
8710.3167	64.0	Stimulus/S  8	8	87103167	Female	48
8710.3168	64.0	Stimulus/S  4	4	87103168	Female	48
8710.3169	64.0	Stimulus/S  4	4	87103169	Female	48
8710.317	64.0	Stimulus/S  4	4	87103170	Female	48
8710.3171	64.0	Stimulus/S  4	4	87103171	Female	48
8774.2979	64.0	Stimulus/S  2	2	87742979	Female	48
8797.166	64.0	Stimulus/S  1	1	87971660	Female	49
8797.1661	64.0	Stimulus/S  4	4	87971661	Female	49
8797.1662	64.0	Stimulus/S  8	8	87971662	Female	49
8797.1663	64.0	Stimulus/S  8	8	87971663	Female	49
8797.1664	64.0	Stimulus/S  4	4	87971664	Female	49
8797.1665	64.0	Stimulus/S  4	4	87971665	Female	49
8797.1666	64.0	Stimulus/S  4	4	87971666	Female	49
8797.1667	64.0	Stimulus/S  8	8	87971667	Female	49
8861.1484	64.0	Stimulus/S  2	2	88611484	Female	49
8880.0488	64.0	Stimulus/S  1	1	88800488	Male	48
8880.0489	64.0	Stimulus/S  8	8	88800489	Male	48
8880.049	64.0	Stimulus/S  8	8	88800490	Male	48
8880.0491	64.0	Stimulus/S  8	8	88800491	Male	48
8880.0492	64.0	Stimulus/S  4	4	88800492	Male	48
8880.0493	64.0	Stimulus/S  4	4	88800493	Male	48
8880.0494	64.0	Stimulus/S  4	4	88800494	Male	48
8880.0495	64.0	Stimulus/S  4	4	88800495	Male	48
8944.0303	64.0	Stimulus/S  2	2	89440303	Male	48
8965.1064	64.0	Stimulus/S  1	1	89651064	Male	49
8965.1065	64.0	Stimulus/S  8	8	89651065	Male	49
8965.1066	64.0	Stimulus/S  8	8	89651066	Male	49
8965.1067	64.0	Stimulus/S  8	8	89651067	Male	49
8965.1068	64.0	Stimulus/S  4	4	89651068	Male	49
8965.1069	64.0	Stimulus/S  4	4	89651069	Male	49
8965.107	64.0	Stimulus/S  4	4	89651070	Male	49
8965.1071	64.0	Stimulus/S  8	8	89651071	Male	49
9029.0879	64.0	Stimulus/S  2	2	90290879	Male	49
9079.499	64.0	Stimulus/S  1	1	90794990	Male	50
9079.4991	64.0	Stimulus/S  8	8	90794991	Male	50
9079.4992	64.0	Stimulus/S  8	8	90794992	Male	50
9079.4993	64.0	Stimulus/S  8	8	90794993	Male	50
9079.4994	64.0	Stimulus/S  4	4	90794994	Male	50
9079.4995	64.0	Stimulus/S  4	4	90794995	Male	50
9079.4996	64.0	Stimulus/S  8	8	90794996	Male	50
9079.4997	64.0	Stimulus/S  4	4	90794997	Male	50
9143.4805	64.0	Stimulus/S  2	2	91434805	Male	50
9162.0605	64.0	Stimulus/S  1	1	91620605	Male	51
9162.0606	64.0	Stimulus/S  8	8	91620606	Male	51
9162.0607	64.0	Stimulus/S  8	8	91620607	Male	51
9162.0608	64.0	Stimulus/S  8	8	91620608	Male	51
9162.0609	64.0	Stimulus/S  4	4	91620609	Male	51
9162.061	64.0	Stimulus/S  4	4	91620610	Male	51
9162.0611	64.0	Stimulus/S  8	8	91620611	Male	51
9162.0612	64.0	Stimulus/S  8	8	91620612	Male	51
9226.043	64.0	Stimulus/S  2	2	92260430	Male	51
9243.8545	64.0	Stimulus/S  1	1	92438545	Female	50
9243.8546	64.0	Stimulus/S  4	4	92438546	Female	50
9243.8547	64.0	Stimulus/S  8	8	92438547	Female	50
9243.8548	64.0	Stimulus/S  8	8	92438548	Female	50
9243.8549	64.0	Stimulus/S  4	4	92438549	Female	50
9243.855	64.0	Stimulus/S  4	4	92438550	Female	50
9243.8551	64.0	Stimulus/S  8	8	92438551	Female	50
9243.8552	64.0	Stimulus/S  4	4	92438552	Female	50
9307.8369	64.0	Stimulus/S  2	2	93078369	Female	50
9337.6172	64.0	Stimulus/S  1	1	93376172	Female	51
9337.6173	64.0	Stimulus/S  4	4	93376173	Female	51
9337.6174	64.0	Stimulus/S  8	8	93376174	Female	51
9337.6175	64.0	Stimulus/S  8	8	93376175	Female	51
9337.6176	64.0	Stimulus/S  4	4	93376176	Female	51
9337.6177	64.0	Stimulus/S  4	4	93376177	Female	51
9337.6178	64.0	Stimulus/S  8	8	93376178	Female	51
9337.6179	64.0	Stimulus/S  8	8	93376179	Female	51
9401.5986	64.0	Stimulus/S  2	2	94015986	Female	51
9434.9854	64.0	Stimulus/S  1	1	94349854	Female	52
9434.9855	64.0	Stimulus/S  4	4	94349855	Female	52
9434.9856	64.0	Stimulus/S  8	8	94349856	Female	52
9434.9857	64.0	Stimulus/S  8	8	94349857	Female	52
9434.9858	64.0	Stimulus/S  4	4	94349858	Female	52
9434.9859	64.0	Stimulus/S  8	8	94349859	Female	52
9434.986	64.0	Stimulus/S  4	4	94349860	Female	52
9434.9861	64.0	Stimulus/S  4	4	94349861	Female	52
9498.9668	64.0	Stimulus/S  2	2	94989668	Female	52
9526.2295	64.0	Stimulus/S  1	1	95262295	Female	53
9526.2296	64.0	Stimulus/S  4	4	95262296	Female	53
9526.2297	64.0	Stimulus/S  8	8	95262297	Female	53
9526.2298	64.0	Stimulus/S  8	8	95262298	Female	53
9526.2299	64.0	Stimulus/S  4	4	95262299	Female	53
9526.23	64.0	Stimulus/S  8	8	95262300	Female	53
9526.2301	64.0	Stimulus/S  4	4	95262301	Female	53
9526.2302	64.0	Stimulus/S  8	8	95262302	Female	53
9590.2119	64.0	Stimulus/S  2	2	95902119	Female	53
9608.1523	64.0	Stimulus/S  1	1	96081523	Male	52
9608.1524	64.0	Stimulus/S  8	8	96081524	Male	52
9608.1525	64.0	Stimulus/S  8	8	96081525	Male	52
9608.1526	64.0	Stimulus/S  8	8	96081526	Male	52
9608.1527	64.0	Stimulus/S  4	4	96081527	Male	52
9608.1528	64.0	Stimulus/S  8	8	96081528	Male	52
9608.1529	64.0	Stimulus/S  4	4	96081529	Male	52
9608.153	64.0	Stimulus/S  4	4	96081530	Male	52
9672.1338	64.0	Stimulus/S  2	2	96721338	Male	52
9693.8711	64.0	Stimulus/S  1	1	96938711	Male	53
9693.8712	64.0	Stimulus/S  8	8	96938712	Male	53
9693.8713	64.0	Stimulus/S  8	8	96938713	Male	53
9693.8714	64.0	Stimulus/S  8	8	96938714	Male	53
9693.8715	64.0	Stimulus/S  4	4	96938715	Male	53
9693.8716	64.0	Stimulus/S  8	8	96938716	Male	53
9693.8717	64.0	Stimulus/S  4	4	96938717	Male	53
9693.8718	64.0	Stimulus/S  8	8	96938718	Male	53
9757.8525	64.0	Stimulus/S  2	2	97578525	Male	53
9803.0156	64.0	Stimulus/S  1	1	98030156	Male	54
9803.0157	64.0	Stimulus/S  8	8	98030157	Male	54
9803.0158	64.0	Stimulus/S  8	8	98030158	Male	54
9803.0159	64.0	Stimulus/S  8	8	98030159	Male	54
9803.016	64.0	Stimulus/S  4	4	98030160	Male	54
9803.0161	64.0	Stimulus/S  8	8	98030161	Male	54
9803.0162	64.0	Stimulus/S  8	8	98030162	Male	54
9803.0163	64.0	Stimulus/S  4	4	98030163	Male	54
9866.9971	64.0	Stimulus/S  2	2	98669971	Male	54
9896.0742	64.0	Stimulus/S  1	1	98960742	Male	55
9896.0743	64.0	Stimulus/S  8	8	98960743	Male	55
9896.0744	64.0	Stimulus/S  8	8	98960744	Male	55
9896.0745	64.0	Stimulus/S  8	8	98960745	Male	55
9896.0746	64.0	Stimulus/S  4	4	98960746	Male	55
9896.0747	64.0	Stimulus/S  8	8	98960747	Male	55
9896.0748	64.0	Stimulus/S  8	8	98960748	Male	55
9896.0749	64.0	Stimulus/S  8	8	98960749	Male	55
9960.0557	64.0	Stimulus/S  2	2	99600557	Male	55
9977.0996	64.0	Stimulus/S  1	1	99770996	Female	54
9977.0997	64.0	Stimulus/S  4	4	99770997	Female	54
9977.0998	64.0	Stimulus/S  8	8	99770998	Female	54
9977.0999	64.0	Stimulus/S  8	8	99770999	Female	54
9977.1	64.0	Stimulus/S  4	4	99771000	Female	54
9977.1001	64.0	Stimulus/S  8	8	99771001	Female	54
9977.1002	64.0	Stimulus/S  8	8	99771002	Female	54
9977.1003	64.0	Stimulus/S  4	4	99771003	Female	54
10041.0811	64.0	Stimulus/S  2	2	100410811	Female	54
10061.7734	64.0	Stimulus/S  1	1	100617734	Female	55
10061.7735	64.0	Stimulus/S  4	4	100617735	Female	55
10061.7736	64.0	Stimulus/S  8	8	100617736	Female	55
10061.7737	64.0	Stimulus/S  8	8	100617737	Female	55
10061.7738	64.0	Stimulus/S  4	4	100617738	Female	55
10061.7739	64.0	Stimulus/S  8	8	100617739	Female	55
10061.774	64.0	Stimulus/S  8	8	100617740	Female	55
10061.7741	64.0	Stimulus/S  8	8	100617741	Female	55
10125.7559	64.0	Stimulus/S  2	2	101257559	Female	55
10149.3496	64.0	Stimulus/S  1	1	101493496	Female	56
10149.3497	64.0	Stimulus/S  4	4	101493497	Female	56
10149.3498	64.0	Stimulus/S  8	8	101493498	Female	56
10149.3499	64.0	Stimulus/S  8	8	101493499	Female	56
10149.35	64.0	Stimulus/S  8	8	101493500	Female	56
10149.3501	64.0	Stimulus/S  4	4	101493501	Female	56
10149.3502	64.0	Stimulus/S  4	4	101493502	Female	56
10149.3503	64.0	Stimulus/S  4	4	101493503	Female	56
10213.3311	64.0	Stimulus/S  2	2	102133311	Female	56
10240.0186	64.0	Stimulus/S  1	1	102400186	Female	57
10240.0187	64.0	Stimulus/S  4	4	102400187	Female	57
10240.0188	64.0	Stimulus/S  8	8	102400188	Female	57
10240.0189	64.0	Stimulus/S  8	8	102400189	Female	57
10240.019	64.0	Stimulus/S  8	8	102400190	Female	57
10240.0191	64.0	Stimulus/S  4	4	102400191	Female	57
10240.0192	64.0	Stimulus/S  4	4	102400192	Female	57
10240.0193	64.0	Stimulus/S  8	8	102400193	Female	57
10304.0	64.0	Stimulus/S  2	2	103040000	Female	57
10327.4443	64.0	Stimulus/S  1	1	103274443	Male	56
10327.4444	64.0	Stimulus/S  8	8	103274444	Male	56
10327.4445	64.0	Stimulus/S  8	8	103274445	Male	56
10327.4446	64.0	Stimulus/S  8	8	103274446	Male	56
10327.4447	64.0	Stimulus/S  8	8	103274447	Male	56
10327.4448	64.0	Stimulus/S  4	4	103274448	Male	56
10327.4449	64.0	Stimulus/S  4	4	103274449	Male	56
10327.445	64.0	Stimulus/S  4	4	103274450	Male	56
10391.4258	64.0	Stimulus/S  2	2	103914258	Male	56
10417.751	64.0	Stimulus/S  1	1	104177510	Male	57
10417.7511	64.0	Stimulus/S  8	8	104177511	Male	57
10417.7512	64.0	Stimulus/S  8	8	104177512	Male	57
10417.7513	64.0	Stimulus/S  8	8	104177513	Male	57
10417.7514	64.0	Stimulus/S  8	8	104177514	Male	57
10417.7515	64.0	Stimulus/S  4	4	104177515	Male	57
10417.7516	64.0	Stimulus/S  4	4	104177516	Male	57
10417.7517	64.0	Stimulus/S  8	8	104177517	Male	57
10481.7324	64.0	Stimulus/S  2	2	104817324	Male	57
10516.1855	64.0	Stimulus/S  1	1	105161855	Male	58
10516.1856	64.0	Stimulus/S  8	8	105161856	Male	58
10516.1857	64.0	Stimulus/S  8	8	105161857	Male	58
10516.1858	64.0	Stimulus/S  8	8	105161858	Male	58
10516.1859	64.0	Stimulus/S  8	8	105161859	Male	58
10516.186	64.0	Stimulus/S  4	4	105161860	Male	58
10516.1861	64.0	Stimulus/S  8	8	105161861	Male	58
10516.1862	64.0	Stimulus/S  4	4	105161862	Male	58
10580.167	64.0	Stimulus/S  2	2	105801670	Male	58
10598.2139	64.0	Stimulus/S  1	1	105982139	Male	59
10598.214	64.0	Stimulus/S  8	8	105982140	Male	59
10598.2141	64.0	Stimulus/S  8	8	105982141	Male	59
10598.2142	64.0	Stimulus/S  8	8	105982142	Male	59
10598.2143	64.0	Stimulus/S  8	8	105982143	Male	59
10598.2144	64.0	Stimulus/S  4	4	105982144	Male	59
10598.2145	64.0	Stimulus/S  8	8	105982145	Male	59
10598.2146	64.0	Stimulus/S  8	8	105982146	Male	59
10662.1953	64.0	Stimulus/S  2	2	106621953	Male	59
10685.875	64.0	Stimulus/S  1	1	106858750	Female	58
10685.8751	64.0	Stimulus/S  4	4	106858751	Female	58
10685.8752	64.0	Stimulus/S  8	8	106858752	Female	58
10685.8753	64.0	Stimulus/S  8	8	106858753	Female	58
10685.8754	64.0	Stimulus/S  8	8	106858754	Female	58
10685.8755	64.0	Stimulus/S  4	4	106858755	Female	58
10685.8756	64.0	Stimulus/S  8	8	106858756	Female	58
10685.8757	64.0	Stimulus/S  4	4	106858757	Female	58
10749.8564	64.0	Stimulus/S  2	2	107498564	Female	58
10768.2021	64.0	Stimulus/S  1	1	107682021	Female	59
10768.2022	64.0	Stimulus/S  4	4	107682022	Female	59
10768.2023	64.0	Stimulus/S  8	8	107682023	Female	59
10768.2024	64.0	Stimulus/S  8	8	107682024	Female	59
10768.2025	64.0	Stimulus/S  8	8	107682025	Female	59
10768.2026	64.0	Stimulus/S  4	4	107682026	Female	59
10768.2027	64.0	Stimulus/S  8	8	107682027	Female	59
10768.2028	64.0	Stimulus/S  8	8	107682028	Female	59
10832.1836	64.0	Stimulus/S  2	2	108321836	Female	59
